ISBN,Book-Title,Book-Author,Author l-f,Additional Authors,Average Rating,Publisher,Binding,Number of Pages,Year Published,Original Publication Year,Date Added
1844262553,???? [Dabali],Rajeshwar Devkota,"Devkota, Rajeshwar",???????? ???????,0,???? ???????,Paperback,128,,,12/5/2022
385199570,???????? ???????? [Sipahiki Swasni],Mahesh Bikram Shah,"Shah, Mahesh Bikram",?????????? ???,3.48,Samagra Prakashan,Paperback,202,,,12/5/2022
877017883,???? ??? [Sajha Katha],Bhairab Aryal,"Aryal, Bhairab",???? ??????,3.7,???? ???????,Paperback,222,2010,1968,12/5/2022
439136350,??????? ????? [Utsarga Prem],Rajeshwar Devkota,"Devkota, Rajeshwar",???????? ???????,2,???? ???????,Paperback,101,,,12/5/2022
439139597,??????? [Samantar],Ishwor Ballav,"Ballav, Ishwor",??????????,3.5,???? ???????,Paperback,152,,,12/5/2022
156528207,??? [Kahar],Janakraj Sapkota,"Sapkota, Janakraj",?????? ???????,4.07,We Read,Paperback,238,2016,,12/5/2022
039480001X,?? ????? [Jaya Bhundi],Bhairab Aryal,"Aryal, Bhairab",???? ??????,4.29,Ratna Pustak Bhandar,Paperback,92,,1965,12/5/2022
590353403,??????? ??? [Bichar Ko Laas],Dhruba Sapkota,"Sapkota, Dhruba",????? ???????,0,Shikha Books,Paperback,269,,,12/5/2022
345272579,????????? ???? [Chhapamar ko Chhoro],Mahesh Bikram Shah,"Shah, Mahesh Bikram",?????????? ???,3.74,Sajha Prakashan,Paperback,124,2007,2006,12/5/2022
043935806X,??????? [Tathakathit],Dhruba Chandra Gautam,"Gautam, Dhruba Chandra",??????????? ????,3.5,???? ???????,Paperback,206,2005,2002,12/5/2022
811801802,??????? [Bhuiyan],Yagnesh,"Yagnesh, Yagnesh",?????,4.22,FinePrint,Hardcover,190,2017,,12/5/2022
312853238,??????? [Andhakar],Dhruba Sapkota,"Sapkota, Dhruba",????? ???????,3,???? ???????,Paperback,220,,2003,12/5/2022
679785892,???????? ?????,Pradeep Chapagain,"Chapagain, Pradeep",,5,Shabdahar Creation,Paperback,97,2015,2015,12/5/2022
446677450,?? ????? [Yo Prem],Gopal Prasad Rimal,"Rimal, Gopal Prasad",??????????? ?????,3.93,???? ???????,Paperback,71,,,12/5/2022
618129022,??????? ??? [Dharahara ko Sahar],Pradeep Nepal,"Nepal, Pradeep",?????? ?????,0,???? ???????,Paperback,112,,,12/5/2022
894808249,???????? ???????? ????????? [Samjhana ma Fakrieka Thungaharu],Rochak Ghimire,"Ghimire, Rochak",???? ??????,4,???? ???????,Paperback,107,,,12/5/2022
553348981,Take The Lead Nepal's Future Has Begun,Anil Chitrakar,"Chitrakar, Anil",,3.74,Kathalaya Publication,Kindle Edition,169,2013,2013,12/5/2022
439064872,?????? [Aawartan],Rajeshwar Devkota,"Devkota, Rajeshwar",???????? ???????,3,???? ???????,Paperback,56,,,12/5/2022
375756981,??????? [Barbarik],Pradeep Nepal,"Nepal, Pradeep",?????? ?????,3.29,???????? ?????????,Paperback,154,,,12/5/2022
671027344,???? ???. ? [Pipe No. 2],Bhawani Bhikshu,"Bhikshu, Bhawani",????? ??????,3.25,???? ???????,Paperback,84,,,12/5/2022
142000663,???? ?????? [Mero Manchhe],Madhav Prasad Pokharel,"Pokharel, Madhav Prasad",?????????? ??????,4,???? ???????,Paperback,184,,,12/5/2022
375815260,??? ????? [Samaya Bimba],Bibas Pokhrel,"Pokhrel, Bibas",???? ??????,0,???? ???????,Paperback,112,,,12/5/2022
451167716,????????? ??????? [Baghmareko Lalsalam],Pradeep Nepal,"Nepal, Pradeep",?????? ?????,4,???? ???????,Paperback,124,,,12/5/2022
393312836,??????? ???? [Naagdaha ko Thiti],Madhav Prasad Pokharel,"Pokharel, Madhav Prasad",?????????? ??????,0,???? ???????,Paperback,224,,,12/5/2022
618002219,?????? ?????? ??? [Mantha Darayeko Jug],Mohan Mainali,"Mainali, Mohan",???? ??????,4.03,FinePrint,Paperback,318,2015,2015,12/5/2022
345339681,??????? ????? [Walli Ko Diary],Manisha Gauchan,"Gauchan, Manisha",????? ????,4.11,Sangri~la Books,Paperback,217,2012,2012,12/5/2022
740704818,??? ???????? ????? [Madan Regmi ka Kavita],Madan Regmi,"Regmi, Madan",??? ??????,0,???? ???????,Paperback,190,,,12/5/2022
689817851,???? ???? ????????? ???????? ????? [Euta Budho Violin : Aashavari ko Dhoonma],Ramesh Vikal,"Vikal, Ramesh",???? ????,0,????? ?????? ???????-??????????,Paperback,163,,,12/5/2022
345339703,?????? ??? [White Cane],Manisha Gauchan,"Gauchan, Manisha",????? ????,3.9,Sangri~la Books,Paperback,309,2013,,12/5/2022
452283442,???? ???????? ????????????? [Bhairab Aryal Ka Hasya Bangya],Bhairab Aryal,"Aryal, Bhairab",???? ??????,4.17,???? ???????? ????,Paperback,311,,,12/5/2022
440219078,???? ??????? ??????? ??? [Sagar Urlancha Sagarmatha Chuna],Ramesh Vikal,"Vikal, Ramesh",???? ????,3.67,???? ???????,Paperback,285,2006,,12/5/2022
553375407,??????? ??? ????????? [Sarpaharu Geet Sundainan],Shailendra Sakar,"Sakar, Shailendra",????????? ?????,0,?????? ???????????,Paperback,108,,,12/5/2022
039592720X,???? [Masan],Gopal Prasad Rimal,"Rimal, Gopal Prasad",??????????? ?????,3.82,Sajha Prakashan,Paperback,63,2009,2001,12/5/2022
059035342X,?? ???? ????? ????? ??????? [Aaja Pheri Arko Tanna Pherincha],Ramesh Vikal,"Vikal, Ramesh",???? ????,3.18,???? ???????,Paperback,124,2007,,12/5/2022
345339711,???????? ???? : ???????? ?????? [Pratyek Thau : Pratyek Manchhe],Peter J. Karthak,"Karthak, Peter J.",???? ??. ??????,3.65,Fine Print,Paperback,218,2008,1977,12/5/2022
553296981,??????? ???????? ?????? [Bhojpure Hulaki ka Santan],Shailendra Sakar,"Sakar, Shailendra",????????? ?????,0,?????? ???????????,Paperback,209,,,12/5/2022
3423202327,Coma - a political sex,Kumar Nagarkoti,"Nagarkoti, Kumar",,4,Ratna Pustak Bhandar,Paperback,,2014,2014,12/5/2022
64471101,????????? ??????? ????? [Shailendra Sakar ka Kavita],Shailendra Sakar,"Sakar, Shailendra",????????? ?????,0,???? ???????,Paperback,160,,,12/5/2022
1400032717,??????? ????? [Birano Deshma],Ramesh Vikal,"Vikal, Ramesh",???? ????,3.5,???? ???????,Paperback,86,,,12/5/2022
811825558,?????????: ????????? ???? [Mokshanta : Kathmandu Fever],Kumar Nagarkoti,"Nagarkoti, Kumar",,3.86,???? ?????? ??????,Paperback,265,2011,2011,12/5/2022
679457526,??????? ???? [Nimitta Nayak],Dhruba Chandra Gautam,"Gautam, Dhruba Chandra",??????????? ????,0,????? ??????,Paperback,264,,,12/5/2022
64400557,?????? [Insaaf],Bhim Nidhi Tiwari,"Tiwari, Bhim Nidhi",??????? ??????,0,???? ???????,Paperback,264,,,12/5/2022
014032724X,???? [Dapi],Dhruba Chandra Gautam,"Gautam, Dhruba Chandra",??????????? ????,3,???? ???????,Paperback,290,2007,1977,12/5/2022
60175966,????? [Achano],Bhogendra Basnet,"Basnet, Bhogendra",????????? ??????,0,???? ???????,,,,,12/5/2022
014131088X,?????? ???????? [Lekhak ki Swasni],Pragati Rai,"Rai, Pragati",?????? ???,2.71,Yamburi Book Point,Paperback,226,2013,2013,12/5/2022
140317937,????????? [Mahattahin],Parijat,"Parijat, Parijat",???????,3.46,???? ???????,Paperback,91,,1968,12/5/2022
743227441,??????? [Sanrakshak],Dhruba Chandra Gautam,"Gautam, Dhruba Chandra","??????????? ????, Ramesh Gorkhali, ???? ????????",3,???? ???????,Paperback,122,,,12/5/2022
451191137,????? [Chaklet],Nayan Raj Pandey,"Pandey, Nayan Raj",?????? ??????,3.12,Sangri-La,Paperback,166,2013,2013,12/5/2022
140430725,???????? ??? [Capital Hill],Rajav,"Rajav, Rajav",????,0,?????? ?????,,,,,12/5/2022
3404148665,???????? ?????? [Chakamannama Ekanta],Dhruba Chandra Gautam,"Gautam, Dhruba Chandra",??????????? ????,4.5,???? ?????? ??????,Paperback,176,,,12/5/2022
740723367,????? ?????? [Patal Pravas],Taranath Sharma,"Sharma, Taranath",??????? ?????,4,?????? ?????????,Paperback,253,2018,1985,12/5/2022
449911519,?????? [Khelauna],Rajendra Thapa,"Thapa, Rajendra",,2.69,Yamburi Book Point,Paperback,178,,2013,12/5/2022
440487617,???????? ??????? [Bekarima Upanyas],Rajav,"Rajav, Rajav",????,5,Sangri-La Books,Paperback,144,,,12/5/2022
037541309X,??????? ? ??????? [Srasta ra Sahitya],Uttam Kunwar,"Kunwar, Uttam",????? ?????,4.5,???? ???????,Paperback,354,,1966,12/5/2022
375400117,??????????? ???? : ????? ??? [Dhruba Chandra Gautam : Samagra Katha],Dhruba Chandra Gautam,"Gautam, Dhruba Chandra","??????????? ????, Roshan Thapa 'Neerab', ???? ???? '????'",0,??????? ??????? ????? ???????,Paperback,656,,,12/5/2022
446310786,????? ??????? [Camrade Driver],Rajav,"Rajav, Rajav",????,5,Sangri-La Books,Paperback,105,,,12/5/2022
64471047,??? [Lagan],Acchha Rai 'Rasik',"'Rasik', Acchha Rai",????? ??? '????',3.71,Manjari Publication,Paperback,276,2018,,12/5/2022
051513452X,???????? ??????? [Shabdatit Shantanu],Banira Giri,"Giri, Banira",?????? ????,2.67,???? ???????,Paperback,131,2003,,12/5/2022
055337933X,??? ?????????? [Etar Jillabasi],Rajav,"Rajav, Rajav",????,5,????? ?????? ??????? ??????????,Paperback,83,,,12/5/2022
441001971,?????? ??????? [Mahakabi Devkota],Nityaraj Pandey,"Pandey, Nityaraj",???????? ??????,5,???? ???????,Paperback,215,,1960,12/5/2022
64400042,??? ????? [Dak Bangla],Shiva Kumar Rai,"Rai, Shiva Kumar",???????? ???,3.92,Manjari Publication,Paperback,266,,,12/5/2022
440431808,????? ?????? [Kangan Khitka],Rajav,"Rajav, Rajav",????,4,???? ???????,Paperback,88,,,12/5/2022
385504209,???? ??? ????? ? ??????? [Kehi Katha Kavita ra Sansmaran],Jagadish Ghimire,"Ghimire, Jagadish",????? ??????,0,???? ???????,Paperback,120,,,12/5/2022
038533348X,????????? ??????? [Atlantic Street],Rajav,"Rajav, Rajav",????,5,Pheonix Books,Paperback,137,,,12/5/2022
515134449,??????? [Devkota],Chudamani Bandhu,"Bandhu, Chudamani",??????? ?????,2,???? ???????,Paperback,446,,1979,12/5/2022
441790348,?????? ??????? ? ?????????? [Nepali Upanyas Ra Upanyaskar],Krishna Chandra Singh Pradhan,"Pradhan, Krishna Chandra Singh",??????????????? ??????,3,???? ???????,Paperback,470,,,12/5/2022
441172717,??????????? ???? [Smritikathama Satwa],Archana Thapa,"Thapa, Archana",?????? ????,3,????? ???????,Paperback,248,2020,2020,12/5/2022
805062971,????? ??????? [Motel America],Rajav,"Rajav, Rajav",????,2,???? ???????,Paperback,106,,,12/5/2022
553236202,??????? [Kathputala],Archana Thapa,"Thapa, Archana",?????? ????,4,Akshar Creations,Paperback,248,,,12/5/2022
038548951X,?? ????? ? [Aaja Ramita Chha],Indra Bahadur Rai,"Rai, Indra Bahadur",???????????? ???,3.81,???? ???????,Paperback,145,2011,,12/5/2022
193156146X,????????????? ??? [Swaastitwako Khoj],Archana Thapa,"Thapa, Archana",?????? ????,3,????? ??????? ?????,Paperback,295,2012,2012,12/5/2022
60955775,??????? [Suntali],Bhawani Bhikshu,"Bhikshu, Bhawani",????? ??????,0,???? ???????,Paperback,52,,,12/5/2022
385510438,??? ?????? [Bir Charitra],Girish Ballabh Joshi,"Joshi, Girish Ballabh",?????????? ?????,3.6, ??????? ???????,Paperback,525,1965,,12/5/2022
553208845,?????? [Bisarga],Parashu Pradhan,"Pradhan, Parashu","Govinda Giri Prerana, ???? ??????, ??????? ???? ???????",0,???? ?????? ??????,Paperback,128,,,12/5/2022
140296409,?????? ???????? ? ? [Timri Swasni ra Ma],Manu Brajaki,"Brajaki, Manu",??? ????????,3.5,???? ???????,Paperback,112,,,12/5/2022
525946233,?????? [Bhumigat],Bhagirathi Shrestha,"Shrestha, Bhagirathi",??????? ???????,0,???? ???????,Paperback,138,,,12/5/2022
877733759,????????????? ??????? ??? [Dhrubachandraka Ekaunna Katha],Dhruba Chandra Gautam,"Gautam, Dhruba Chandra","??????????? ????, Govinda Giri Prerana",0,????? ?????? ??????? ??????????,Paperback,343,2001,2001,12/5/2022
786868716,?????? [Bibhram],Bhagirathi Shrestha,"Shrestha, Bhagirathi",??????? ???????,3,???? ???????,Paperback,224,,,12/5/2022
440498058,?????? ????? ???????? [Ghorahi Shunya Kilomiter],Govinda Giri Prerana,"Prerana, Govinda Giri",??????? ???? ???????,0,???? ?????? ??????,Paperback,130,,,12/5/2022
451523377,?????????? [Priyambada],Maya Thakuri,"Thakuri, Maya",???? ?????,0,???? ?????? ??????,Paperback,148,,,12/5/2022
316769487,??????? [Yogmaya],Neelam Karki Niharika,"Niharika, Neelam Karki",???? ?????? ????????,3.64,Sangri-La Books,Paperback,504,2018,2018,12/5/2022
441328091,??????? ?????? [Gantavya Ganabahal],Govinda Giri Prerana,"Prerana, Govinda Giri",??????? ???? ???????,0,???? ???????,Paperback,217,,,12/5/2022
609608444,?????? [Sabiti],Jagadish Ghimire,"Ghimire, Jagadish",????? ??????,4,????? ?????? ??????????,Paperback,114,2010,1975,12/5/2022
451169530,???? ??????? ?????? [Maya Thakuri ka Kathaharu],Maya Thakuri,"Thakuri, Maya",???? ?????,3,???? ???????,Paperback,86,,,12/5/2022
393317552,?????? ???????? [Suteko Samundra],Govinda Giri Prerana,"Prerana, Govinda Giri",??????? ???? ???????,0,???? ???????,Paperback,93,,,12/5/2022
142000671,?????? ?????? ? [Chautaro Sakshi Chha],Maya Thakuri,"Thakuri, Maya",???? ?????,0,???? ???????,,,,,12/5/2022
553379615,????? ????? [Muluk Bahira],Lain Singh Bangdel,"Bangdel, Lain Singh",??????? ???????,4.05,Ratna Pustak Bhandar,Paperback,192,2017,,12/5/2022
044022425X,??????? [Antaral],Govinda Giri Prerana,"Prerana, Govinda Giri",??????? ???? ???????,0,????? ?????? ??????? ??????????,Paperback,125,,,12/5/2022
679775439,?????? ??? [Gamala ko Phool],Maya Thakuri,"Thakuri, Maya",???? ?????,3,???? ???????,Paperback,66,,,12/5/2022
140620222,????? ????? ? [Muluk Bahira Ma],Lain Singh Bangdel,"Bangdel, Lain Singh",??????? ???????,3.66,Ratna Pustak Bhandar,Paperback,497,2010,2010,12/5/2022
3257229534,??????? ???? [Najureko Jodi],Maya Thakuri,"Thakuri, Maya",???? ?????,4,????? ???????,Paperback,72,,,12/5/2022
345339738,?????? ??????? [Goodbye America],Govinda Giri Prerana,"Prerana, Govinda Giri",??????? ???? ???????,0,??? ????????? ?????,Paperback,66,,,12/5/2022
375701214,?????? ???? [Matoko Maya],Bhim Nidhi Tiwari,"Tiwari, Bhim Nidhi",??????? ??????,4.67,???? ???????,Paperback,87,2010,,12/5/2022
446365386,?????? ???? [Antim Khadal],Govinda Giri Prerana,"Prerana, Govinda Giri",??????? ???? ???????,3,????? ???????,Paperback,88,,,12/5/2022
451191145,?????????? ?????? [Bhanubhaktako Ramayana],Bhanubhakta Acharya,"Acharya, Bhanubhakta",???????? ??????,4.24,???? ???????,Paperback,256,2008,2008,12/5/2022
076790382X,???! ???????? [Aama! Januhos],Maya Thakuri,"Thakuri, Maya",???? ?????,2,???? ?????? ??????,Paperback,134,,,12/5/2022
440215625,?????? ?????? [Saghu Tarepachi],Maya Thakuri,"Thakuri, Maya",???? ?????,3.5,???? ???????,Paperback,112,,,12/5/2022
894805770,?????? [Utkhanan],Govinda Giri Prerana,"Prerana, Govinda Giri",??????? ???? ???????,4,???? ???????,Paperback,227,,,12/5/2022
316666343,???????? ???????????? [Samjhanaka Galchhedaharuma],Dhanush Chandra Gautam,"Gautam, Dhanush Chandra",?.?. ??????,3.75,Phoenix Books,Paperback,182,2017,1998,12/5/2022
014038572X,???????-??????? [Mukunda Indira],Balkrishna Sama,"Sama, Balkrishna",???????? ??,3.55,???? ???????,Paperback,125,2011,1965,12/5/2022
185326041X,"??? ?????? ??? ?????? [Khana Pugos, Dina Pugos]",Rabindra Mishra,"Mishra, Rabindra",???????? ?????,3.48,Publication Nepalaya,Paperback,293,2012,2012,12/5/2022
451524934,????? ?????? [Living Together],Govinda Giri Prerana,"Prerana, Govinda Giri",,3,BN Pustak Sansar,Paperback,200,2018,2018,12/5/2022
60959037,??? [Hansa],Sanjeev Uprety,"Uprety, Sanjeev",?????? ???????,3.28,Book Hill,Paperback,219,2019,,12/5/2022
380789019,????? ?????? [Chadke Tilhari],Govinda Giri Prerana,"Prerana, Govinda Giri",??????? ???? ???????,0,???? ???????,Paperback,112,,,12/5/2022
684853515,?????? ?????? ????? [Aagonera Ubhiako Manish],Bimal Nibha,"Nibha, Bimal",???? ????,4.67,???? ???????,Paperback,57,1995,1984,12/5/2022
142004235,???? ?????? ????? [Bholi Basne Bihan],Krishna Bhusan Bal,"Bal, Krishna Bhusan",????????? ??,3.83,???? ???????,Paperback,70,2003,1984,12/5/2022
142001740,???? ???? [Dashain Kharcha],Narayan Tiwari,"Tiwari, Narayan",?????? ??????,3,???? ???????,Paperback,80,,,12/5/2022
753804700,??????? [Ghanachakkar],Sanjeev Uprety,"Uprety, Sanjeev",?????? ???????,3.53,Nepa-Laya,Hardcover,247,2007,2007,12/5/2022
743424425,????????? ????? [Antyahin Iccha],Gita Khatri,"Khatri, Gita",???? ?????,0,???? ???????,Paperback,92,,,12/5/2022
684853507,????????? ?????? [Antyahin Antya],Shova Bhattarai,"Bhattarai, Shova",???? ???????,3.67,??????? ???????,Paperback,95,,,12/5/2022
812548051,????????? [Yambunera],Bina Theeng,"Theeng, Bina",???? ???,3.44,??????? ?????,Paperback,173,2020,2020,12/5/2022
440204887,?????????? [Parityakta],Bhuwan Dhungana,"Dhungana, Bhuwan",???? ????????,3,Publication Nepalaya,Paperback,146,,,12/5/2022
767902513,??? [Aagat],Bhawani Bhikshu,"Bhikshu, Bhawani",????? ??????,4,???? ???????,Paperback,568,1993,1975,12/5/2022
316316962,?????? ?????? ????????? [Jyoti Jyoti Mahajyoti],Daulat Bikram Bista,"Bista, Daulat Bikram",?????????? ?????,4.33,???? ???????,Paperback,409,2011,1988,12/5/2022
860074382,?????? ??????? [Sapana ma Marx],Rajendra Parajuli,"Parajuli, Rajendra",????????? ???????,0,???? ???????,Paperback,128,,,12/5/2022
394820371,?????? ??????? [Kanchha Maharani],Sheeba Shah,"Shah, Sheeba",Saguna Shah,3.85,Sangri~La Books,Paperback,290,2020,2018,12/5/2022
059030271X,?????????? ???? [Koteshwor ko Keto],Rajendra Parajuli,"Parajuli, Rajendra",????????? ???????,3,Phoenix Books,Paperback,205,,,12/5/2022
874067391,????? [Madhabi],Madan Mani Dixit,"Dixit, Madan Mani",?????? ???????,4.26,???? ???????,Paperback,570,2017,1979,12/5/2022
385480016,?????? ????????? [Kumari Prashnaharu],Durga Karki,"Karki, Durga",?????? ??????,3.71,Publication Nepalaya,Paperback,262,2020,,12/5/2022
590988867,??????? [Anayika],Rajendra Parajuli,"Parajuli, Rajendra",????????? ???????,2,???? ???????,Paperback,123,2007,2007,12/5/2022
441304834,????????? [Yojana Gandha],Binod Prasad Dhital,"Dhital, Binod Prasad",??????????? ?????,3.78,???? ???????,Paperback,422,2006,1995,12/5/2022
385729332,????? [Aghori],Rajendra Parajuli,"Parajuli, Rajendra",????????? ???????,0,Kitab Publishers,Paperback,164,,,12/5/2022
451125452,???? ????? ??? [Naya Sadak Ko Geet],Ramesh Vikal,"Vikal, Ramesh",???? ????,4.06,???? ???????,Paperback,91,,1961,12/5/2022
684801051,????????? ????? [Chyatiyeko Parda],Govinda Bahadur Malla,"Malla, Govinda Bahadur",????????????? ???? '??????',4.4,???? ???????,Paperback,59,2008,1959,12/5/2022
3257228007,????????? [Durvikshya],Narayan Dhakal,"Dhakal, Narayan",?????? ????,3.4,Sangri-La Books,Paperback,260,2013,,12/5/2022
60916508,???????? ?????????? ????? [Shukraraj Shastri Ko Chasma],Rajendra Parajuli,"Parajuli, Rajendra",????????? ???????,0,Sangrila Books,Paperback,177,,,12/5/2022
375725849,?????? [Kathai Katha],Govinda Bahadur Malla,"Malla, Govinda Bahadur",????????????? ???? '??????',3.67,???? ???????,Paperback,136,2011,1960,12/5/2022
553250531,??????????? ??????? [Prasnaharuko Karkhana],Sarita Tiwari,"Tiwari, Sarita",????? ??????,3,Sangri-La Books,Paperback,150,2015,2015,12/5/2022
60392452,????????? [Mokshya Bhumi],Keshav Dahal,"Dahal, Keshav",???? ?????,3.57,Kitab Publishers,Paperback,376,2020,,12/5/2022
385484518,????? ??? [Bahra Katha],Govinda Bahadur Malla,"Malla, Govinda Bahadur",????????????? ???? '??????',4.33,???? ???????,Paperback,92,,,12/5/2022
684853523,??? ??????? [Aapa Kharpa],Tirtha Gurung,"Gurung, Tirtha",????? ?????,4,???-??? ?????????,Paperback,224,,,12/5/2022
375504613,???? ???? ?????????? [Yeha Dekhi Teha Samma],Dhanush Chandra Gautam,"Gautam, Dhanush Chandra",?.?. ??????,3.75,???? ???????,Paperback,301,2006,1985,12/5/2022
385498721,???? ????????? ????? [Mohan Koiralaka Kavita],Mohan Koirala,"Koirala, Mohan","???? ???????, Ishwor Baral",4,???? ???????,Paperback,336,,,12/5/2022
312195516,?????? ???? [Kumari Sobha],Bijaya Malla,"Malla, Bijaya",???? ????,4,????? ?????? ??????? ??????????,Paperback,174,1982,1982,12/5/2022
312950586,????????? ?????? [Sagarmathako Gahirai],Nawaraj Parajuli,"Parajuli, Nawaraj",????? ???????,4.05,Fine Print Books,Hardcover,195,,,12/5/2022
60809833,??????? [Pathshala],Tirtha Gurung,"Gurung, Tirtha",,3.52,Book Hill Publication,Paperback,245,2018,,12/5/2022
142001430,?????? ??? [Jeudo Laas],Bijaya Malla,"Malla, Bijaya",???? ????,4.67,???? ???????,Paperback,57,,,12/5/2022
671461494,?????? ??????? ???????? [Bairagi Kailaka Kabitaharu],Bairagi Kaila,"Kaila, Bairagi",?????? ??????,3.67,???? ???????,Paperback,,,1974,12/5/2022
380977788,?????? ?????? ??? [Narayan Dhakalka Katha],Narayan Dhakal,"Dhakal, Narayan",?????? ????,3,Phoenix Books,Paperback,250,,,12/5/2022
140440046,????? ???? [Aamako Mutu],Raamesh Koirala,"Koirala, Raamesh",,3.22,Fine Prints,Paperback,157,,,12/5/2022
1556590415,????? ? ???? [Parewa ra Kaidi],Bijaya Malla,"Malla, Bijaya",???? ????,4.22,???? ???????,Paperback,99,,,12/5/2022
743245520,??? [Tamas],Narayan Dhakal,"Dhakal, Narayan",?????? ????,3,Book Hill Publication,Paperback,264,,,12/5/2022
99771519,????? ???????? ????? [Kathama Aljhiyeka Prem],Sangita Shrestha,"Shrestha, Sangita",?????? ???????,1.75,Publication Nepalaya,Paperback,286,2016,,12/5/2022
1841219266,???????? ??? [Mancheko Nach],Bijaya Malla,"Malla, Bijaya","???? ????, Avinash Shrestha",3.9,Fine Print Books,Paperback,196,,,12/5/2022
679732411,????? ?????????? [Bimba Pratibimba],Shankar Lamichhane,"Lamichhane, Shankar",????? ????????,4.56,???? ?????? ?????,Paperback,126,2001,1970,12/5/2022
345338588,???????? [Bahirgaman],Narayan Dhakal,"Dhakal, Narayan",?????? ????,1,???? ???????,Paperback,109,,,12/5/2022
671704664,??? ????? [Jail Journal],Bishweshwar Prasad Koirala,"Koirala, Bishweshwar Prasad",???????????????? ???????,3.82,???? ???????,Paperback,251,2016,,12/5/2022
440998050,?? ???? ???? ??? [Ek Bato Anek Mod],Bijaya Malla,"Malla, Bijaya",???? ????,4.38,???? ???????,Paperback,125,,,12/5/2022
842332251,?? ????? ??????? ?????  [Aba Yasto Kahilyai Nahos],Baburam Acharya,"Acharya, Baburam",??????? ??????,4.05,Fine Print Books,Paperback,315,2018,2006,12/5/2022
451157443,????????? [Indrajaal],Narayan Dhakal,"Dhakal, Narayan",?????? ????,2.8,Fine Print Books,Paperback,228,2015,,12/5/2022
671776134,??????? ??? [Patthar Ko Katha],Bijaya Malla,"Malla, Bijaya",???? ????,4.33,???? ???????,Paperback,180,2016,,12/5/2022
805063897,?????? ???? [Gulabi Umer],Amar Neupane,"Neupane, Amar",??? ????????,3.11,Fineprint,Paperback,379,2019,,12/5/2022
140067477,????? [Ranahar],Yogesh Raj,"Raj, Yogesh",????? ???,3.55,Publication Nepalaya,Hardcover,151,2018,2018,12/5/2022
553377884,??????????? ? ???? [Parkhal Bhitra ra Bahira],Parijat,"Parijat, Parijat",???????,3.77,Phoenix Books,Paperback,128,2016,,12/5/2022
451521358,??????? [Mahabhara],Basanta Basnet,"Basnet, Basanta",????? ??????,3.52,FinePrint,Hardcover,388,2022,2022,12/5/2022
312306326,???????? ???????? [Janjiwan ka Jiwangatha],Manu Brajaki,"Brajaki, Manu",??? ????????,4,Sangrila Books,Paperback,330,,,12/5/2022
316154601,?????????? [Bishrampur],Padam Gautam,"Gautam, Padam",??? ????,3.67,Sangrila Books,Paperback,269,2021,,12/5/2022
1573221112,????? [Dhaniya],Parashu Pradhan,"Pradhan, Parashu","???? ??????, Bimal Bhaukajee, ???? ??????",0,?????? ?????????,Paperback,265,,,12/5/2022
451526341,??????? [Anuradha],Bijaya Malla,"Malla, Bijaya",???? ????,3.86,???? ???????,Paperback,151,2012,,12/5/2022
140620338,??? [Iti],Uma Subedi,"Subedi, Uma",,4,Akshar Creations,Paperback,219,2016,2016,12/5/2022
385486804,????-?????? ??? [Terai-Madesh ka Katha],Parashu Pradhan,"Pradhan, Parashu","Narayan Tiwari, ???? ??????, ?????? ??????",0,????? ???????,Paperback,276,,,12/5/2022
440414806,????? ???? ????? [Pallo Ghar ko Jhyal],Govinda Bahadur Malla,"Malla, Govinda Bahadur",????????????? ???? '??????',3.51,???? ???????,Paperback,94,,,12/5/2022
446532231,????? ? ????? [Hitler ra Yahudee],Bishweshwar Prasad Koirala,"Koirala, Bishweshwar Prasad",???????????????? ???????,3.66,???? ???????,Paperback,136,2012,1958,12/5/2022
60930187,???? [Toda],Uma Subedi,"Subedi, Uma",,3.11,Sangri-La,Paperback,214,2013,2013,12/5/2022
679723161,??? ? ???????? [Katha ra Rachanagarva],Parashu Pradhan,"Pradhan, Parashu",???? ??????,2.5,???? ???????,Paperback,157,2001,2001,12/5/2022
515134465,????????? [Pretkalpa],Narayan Dhakal,"Dhakal, Narayan",?????? ????,4.14,???? ???????,Paperback,223,2010,2007,12/5/2022
3257208626,???????? ???? [Langadako Sathi],Lain Singh Bangdel,"Bangdel, Lain Singh",??????? ???????,3.54,Ratna Pustak Bhandar,Paperback,69,2016,1951,12/5/2022
553212451,??? ??????? [Open Secret],KP Dhungana,"Dhungana, KP",,0,Fine Print Books,Paperback,289,2012,,12/5/2022
375758992,??????? ?????? [Chapaieka Anuhar],Daulat Bikram Bista,"Bista, Daulat Bikram",?????????? ?????,4.32,???? ???????,Paperback,147,2012,,12/5/2022
688170528,?????? ???? ??????? ? ??????? [Josamani Santa Parampara ra Sahitya],Janak Lal Sharma,"Sharma, Janak Lal",?????? ?????,4,???? ???????,,,1995,,12/5/2022
767903382,??????? ???????? ????? ??? [Lamp-Postbata Khaseko Joon],Manu Manjil,"Manjil, Manu",??? ??????,3.94,Fineprint,Paperback,101,2011,2011,12/5/2022
441003257,?????? [Phulani],???????? ????????,"????????, ????????",Khagendra Lamichhane,3.28,Book Hill Publication,Paperback,186,2016,,12/5/2022
767902521,??????????? ??? [Angalobhari ko Chot],Prakash Bharati,"Bharati, Prakash",?????? ?????,0,???? ???????,Paperback,171,,,12/5/2022
084233226X,??????? ?????? [Kautukamaya Dolpo],Janak Lal Sharma,"Sharma, Janak Lal",?????? ?????,4.67,???? ???????,Paperback,249,,1974,12/5/2022
385474547,???????? ?? [Manche ko Rang],Anbika Giri,"Giri, Anbika",??????? ????,4.15,Sangri-La Books,Paperback,378,2014,2015,12/5/2022
316769509,??????? [Kaalchakra],Bakhat Bahadur Thapa,"Thapa, Bakhat Bahadur",????????? ????,2,???? ?????? ??????,Paperback,203,,,12/5/2022
786866845,?????? ??????? ??????? [Janak Lal Sharma ka Sansmaran],Janak Lal Sharma,"Sharma, Janak Lal","?????? ?????, Madhav Prasad Pokharel, Suman Dhakal",5,???? ???????,Paperback,268,,,12/5/2022
446670111,"????, ????? ? ????????????? ????? [Dhupi, Salla Ra Laligurasko Fedma]",Parijat,"Parijat, Parijat",???????,4.2,Phoenix Books,Paperback,87,2017,,12/5/2022
552996009,??????? ????? [Jungey ko Diary],Bakhat Bahadur Thapa,"Thapa, Bakhat Bahadur",????????? ????,1,???? ???????,Paperback,226,,,12/5/2022
156007754,???? ?????? ???? ? ???????? ????? [General Bhimsen Thapa Ra Tatkalin Nepal],Chittaranjan Nepali,"Nepali, Chittaranjan",?????????? ??????,3.75,???? ?????? ??????,Paperback,,,,12/5/2022
034536676X,?????? ????: ?? ?????? [Hamro Samaj: Ek Adhyayan],Janak Lal Sharma,"Sharma, Janak Lal",?????? ?????,4.7,???? ???????,Paperback,437,,,12/5/2022
316779237,????????? ????? [Computer Aatanka],Bakhat Bahadur Thapa,"Thapa, Bakhat Bahadur",????????? ????,4,???? ???????,Paperback,162,,,12/5/2022
767902890,????? ?????? ???? ????? ?????? ?????? [Aagoka Phoolharu Hun Aagoka Phoolharu Hoinan],Ishwor Ballav,"Ballav, Ishwor",??????????,3.86,Manjari Publication,Paperback,117,2017,,12/5/2022
3492045170,????????? ?????? [Pratinidhi Kathaharu],Parashu Pradhan,"Pradhan, Parashu",???? ??????,0,???? ???????,Paperback,156,,,12/5/2022
452282152,???? ????? ????? [Tyas Bakhat ko Nepal],Sardar Bhim Bahadur Pande,"Pande, Sardar Bhim Bahadur",????? ????????? ?????,3.94,Phoenix Books,Paperback,,,,12/5/2022
553274295,????????? ??? [Pratinidhi Katha],Indra Bahadur Rai,"Rai, Indra Bahadur",???????????? ???,4,Sangri-La Books,Paperback,157,2011,2011,12/5/2022
553272535,????? ????? ?????????? [Abiral Bagdachha Indrawati],Ramesh Vikal,"Vikal, Ramesh",???? ????,4.13,???? ???????,Paperback,248,2007,,12/5/2022
068483376X,Yes I Can,Punya Prasad Prasai,"Prasai, Punya Prasad",,4.71,Dikura Publication,Paperback,,,,12/5/2022
743237196,????????? [Ramila Nani],Bhuwan Hari Sigdel,"Sigdel, Bhuwan Hari",,3.75,,Paperback,,,,12/5/2022
60934913,??????? [Bishudai],Kishor Pahadi,"Pahadi, Kishor",????? ?????,4,???? ???????,Paperback,96,,,12/5/2022
345391810,????? ???????? ????????? ?????? [Jagadish Ghimire ka Pratinidhi Kathaharu],Jagadish Ghimire,"Ghimire, Jagadish","Mahesh Prasain, ????? ??????",0,????? ???????�??????????,Paperback,160,2017,2017,12/5/2022
1931561648,???????? ??? [Narendra Dai],Bishweshwar Prasad Koirala,"Koirala, Bishweshwar Prasad",???????????????? ???????,3.96,???? ???????,Paperback,64,2010,1969,12/5/2022
330267388,Hajar Aashaharu,Punya Prasad Prasai,"Prasai, Punya Prasad",,4,Dikura Publication,Paperback,,,,12/5/2022
451160959,???? [Aamoi],Bhuwan Hari Sigdel,"Sigdel, Bhuwan Hari",??????? ???????,4.33,Sangri~La Books,Paperback,280,,,12/5/2022
038533558X,?????? ????? [Godhuli Sansar],Shankar Lamichhane,"Lamichhane, Shankar",????? ????????,3.97,???? ??????? ,Paperback,87,2002,1970,12/5/2022
067168390X,????????? ????????? ?????? [Parijat ka Pratinidhi Kathaharu],Parijat,"Parijat, Parijat",???????,3.8,????? ???????-??????????,Paperback,96,2017,,12/5/2022
451166582,?????? [Sotala],Dor Bahadur Bista,"Bista, Dor Bahadur",????????? ?????,4.33,Himal Books,Paperback,145,2011,1976,12/5/2022
1573229571,????? ?????? [Aaimai Manche],Punya Prasad Prasai,"Prasai, Punya Prasad",,4.5,Dikura Publication,Paperback,,,,12/5/2022
385507593,??? [Taap],Sharada Sharma,"Sharma, Sharada",????? ?????,3.38,Sangri~la Books,Paperback,325,2013,2013,12/5/2022
440901588,??? ????? [Jadau Malik],Bhuwan Hari Sigdel,"Sigdel, Bhuwan Hari",??????? ???????,3.71,?????????? ???????,Paperback,275,,,12/5/2022
345350685,?????? ?????????? ???? [Nepali Sanchhipta Bharat],Chakrapani Chalise,"Chalise, Chakrapani","???????? ??????, Lekhnath Paudyal, ?????? ???????",4.25,Manjari Publication,Paperback,511,,,12/5/2022
786817089,????? [Aarohan],Matsyendra Pradhan,"Pradhan, Matsyendra",???????????? ??????,4,Sangrila Books,Paperback,436,,,12/5/2022
553580272,????????? ??????????? [Nepal Dekhi America Samma],Taranath Sharma,"Sharma, Taranath",??????? ?????,3.25,Manjari Publication,Paperback,352,2019,,12/5/2022
440222915,?????? [Cheerharan],Neelam Karki Niharika,"Niharika, Neelam Karki",???? ?????? ????????,3.92,????????? ??????,Paperback,526,2016,,12/5/2022
440235502,Khana Khanu Bhayo?: Hamra Bhansabare Bazarka Bhram,Aruna Upreti,"Upreti, Aruna",Laxman Adhikari,4,Publication Nepalaya,Paperback,209,2017,,12/5/2022
670031909,??????? [Nilkantha],Matsyendra Pradhan,"Pradhan, Matsyendra",???????????? ??????,4.5,Sangrila Books,Paperback,389,,,12/5/2022
451143426,Nava Safalta Sastra - 1,Yogi Vikashananda,"Vikashananda, Yogi",,4,Reki Yog Publication,Paperback,184,,,12/5/2022
316777730,??? ?????? [Hari Bahadur],Hari Bansha Acharya,"Acharya, Hari Bansha",?????? ??????,3.81,Fineprint Book,Paperback,261,2017,2017,12/5/2022
393316041,??? ??????? [Maun Swikriti],Padmavati Singh,"Singh, Padmavati",???????? ????,0,???? ?????? ??????,Paperback,140,,,12/5/2022
451173317,?? [Mann],Leeladhwaj Thapa,"Thapa, Leeladhwaj",???????? ????,4,???? ???????,Paperback,244,,1957,12/5/2022
375823352,Himalayan Kidnap (Alex and James Wildlife Adventure #1),Jane Wilson-Howarth,"Wilson-Howarth, Jane",Betty Levene,4.71,Eifrig Publishing,Paperback,176,2016,,12/5/2022
399149864,???????? ???? [Urgenko Ghoda],Yug Pathak,"Pathak, Yug",??? ????,3.9,Fine Print,Paperback,269,2009,2009,12/5/2022
553573403,???????? [Sallipir],Nayan Raj Pandey,"Pandey, Nayan Raj",?????? ??????,3.59,FinePrint,Paperback,229,2016,2016,12/5/2022
679721037,???????? : ????????? ??????? [Aparajita : Parijat ka Chitthiharu],Parijat,"Parijat, Parijat","Sukanya Waiba, ???????, ??????? ?????",2.25,Book Hill,Paperback,137,,,12/5/2022
312199430,Rajgaj,Hari Bahadur Thapa,"Thapa, Hari Bahadur",,3.73,FinePrint,Paperback,354,2017,,12/5/2022
067172262X,???????? ?????? ????????? ?????? [Padmavati Singh ka Pratinidhi Kathaharu],Padmavati Singh,"Singh, Padmavati",???????? ????,0,???? ?????? ??????,Paperback,194,,,12/5/2022
60934719,????????? [Aakhi Jhyal],Poshan Pandey,"Pandey, Poshan",???? ??????,3.25,???? ???????,Paperback,78,,,12/5/2022
451163524,????????? ???????? [Belaet Tira Baralida],Taranath Sharma,"Sharma, Taranath",??????? ?????,4,???? ???????,Paperback,161,,1970,12/5/2022
039575514X,Dreams from Nepal: The Emotional Story of a Twelve-Year-Old Nepali Boy,Bikul Koirala,"Koirala, Bikul",,3.42,,Kindle Edition,165,2017,,12/5/2022
670839531,Chasing the Tiger (Alex and James Wildlife Adventure #2),Jane Wilson-Howarth,"Wilson-Howarth, Jane",Betty Levene,5,Eifrig,Paperback,216,2017,,12/5/2022
375823468,???????? [Kranti],Sudip Aryal,"Aryal, Sudip",,3.25,???????? ?????????,,,,,12/5/2022
64472272,???????? ????????? [Bhatkidai Killaharu],Deen Bandhu Sharma,"Sharma, Deen Bandhu",,5,Symphony Publication,Paperback,,2015,,12/5/2022
038549081X,??????? ??????? ??????? [Darbar Bahiraki Maharani],Nagendra Neupane,"Neupane, Nagendra",,3.91,B.N. Prakashan,Paperback,,,2007,12/5/2022
688177743,Porridge Eaters and Gruel Drinkers: A Nepali Poetry Collection,Santosh Lamichhane,"Lamichhane, Santosh",,4,"Janamat Prakashan, Kavre, Nepal",Paperback,124,2015,2015,12/5/2022
1573225789,????? ???????? [Ghamka Pailaharu],Dhanush Chandra Gautam,"Gautam, Dhanush Chandra",?.?. ??????,4.01,???? ???????,Paperback,268,2014,1979,12/5/2022
446672211,?????? [Urvashi],Siddhicharan Shrestha,"Shrestha, Siddhicharan",????????? ???????,4.25,???? ???????,,,,,12/5/2022
812548094,???? ???? [Tarun Tapasi],Lekhnath Paudyal,"Paudyal, Lekhnath",?????? ???????,4.1,Sajha Prakashan,Paperback,120,2009,2009,12/5/2022
449005615,?????? [Haspis],Bindya Subba,"Subba, Bindya",,4,Sangrila Books,Paperback,168,,,12/5/2022
440180295,?????? ??? [Paniko Gham],Amar Neupane,"Neupane, Amar",??? ????????,3.69,Fine Print,Paperback,286,2013,2013,12/5/2022
380813815,????? [Godaan],Munshi Premchand,"Premchand, Munshi",????? ????????,4.38,Jaico Publishing House,Paperback,352,2002,1936,12/5/2022
670856045,??????????? [Rastra Bhasa],Bal Krishna Pokharel,"Pokharel, Bal Krishna",???????? ??????,5,???? ???????,,,,,12/5/2022
60920084,????????? ????????? ???????? [Ekkaishaun Shatabdiki Sumnima],Pradeep Nepal,"Nepal, Pradeep",?????? ?????,2.29,???? ???????,Paperback,119,2009,2009,12/5/2022
151008116,?????? [Alikhit],Dhruba Chandra Gautam,"Gautam, Dhruba Chandra",??????????? ????,4.08,???? ???????,Paperback,242,2010,1983,12/5/2022
60915544,?????? ???? ?????? [Kattel Sir Ko Chotpatak],Dhruba Chandra Gautam,"Gautam, Dhruba Chandra",??????????? ????,3.68,???? ???????,Paperback,208,1980,1980,12/5/2022
1558743669,???? ????? [Doshi Chashma],Bishweshwar Prasad Koirala,"Koirala, Bishweshwar Prasad",???????????????? ???????,4.01,???? ???????,Paperback,103,2009,1949,12/5/2022
812505018,????? [Naso],Guru Prasad Mainali,"Mainali, Guru Prasad",?????????? ??????,3.91,Sajha Prakashan,Paperback,125,2012,,12/5/2022
449911446,????????? [Aksharganj],Kumar Nagarkoti,"Nagarkoti, Kumar",,3.72,Sangri-La,Paperback,297,2014,2014,12/5/2022
393050939,?????? [Basanti],Diamond Shumsher Rana,"Rana, Diamond Shumsher",?????????? ????,3.71,Ratna Pustak Bhandar,Paperback,184,2013,2011,12/5/2022
684874350,?????????? [Pandulipi],Krishna Dharabasi,"Dharabasi, Krishna",????? ???????,3.44,Akshar Creation,Paperback,358,,,12/5/2022
394575202,????? ????????? [Malaya Express],Akhanda Bhandari,"Bhandari, Akhanda",????? ???????,3.47,Yamburi Book Point,Paperback,294,2013,2013,12/5/2022
60914653,?????? ???: ???????? ???? ???? ????? [Sansarlai Sadhe Panch Phanko],Pushkar Shah,"Shah, Pushkar",Bhupendra Khadka,3.69,Book-Hill Publication,Paperback,398,2014,2014,12/5/2022
140042598,???? ?????? [Mayur Times],Narayan Wagle,"Wagle, Narayan",?????? ??????,3.08,Nepalaya,Paperback,231,2010,2010,12/5/2022
156619301X,??????? [Maharani],Chandra Prakash Baniya,"Baniya, Chandra Prakash",???????????? ???????,3.98,???? ?????,Paperback,366,2019,2019,12/5/2022
446391301,?? ??????? ?? ?? ??????? [Yo Jindagi Khai K Jindagi],Hari Bhakta Katuwal,"Katuwal, Hari Bhakta",??????? ??????,4,Ratna Pustak Bhandar,Paperback,70,2007,2007,12/5/2022
451179285,Atmabrittanta: Late Life Recollections,Bishweshwar Prasad Koirala,"Koirala, Bishweshwar Prasad",Kanak Mani Dixit,4.09,Himal Books,Hardcover,304,2001,1998,12/5/2022
452278902,???????? [Gestapo],Krishna Dharabasi,"Dharabasi, Krishna",????? ???????,3.85,Pairavi Book House,Paperback,307,2013,2013,12/5/2022
345308999,????? [Gauri],Madhav Prasad Ghimire,"Ghimire, Madhav Prasad",???? ??????,4.12,???? ???????,Paperback,33,2004,1958,12/5/2022
1573225517,"????, ??? ? ???? [Babu, Aama ra Chora]",Bishweshwar Prasad Koirala,"Koirala, Bishweshwar Prasad",???????????????? ???????,3.94,???? ???????,Paperback,71,2010,1989,12/5/2022
743418174,??????,Chuden Kabimo,"Kabimo, Chuden",????? ??????,3.74,FinePrint,Paperback,150,2019,2019,12/5/2022
451191153,???????? ???? [Gounthaliko Gund],Shankar Lamichhane,"Lamichhane, Shankar",????? ????????,4.31,????? ??? ????,Paperback,129,,,12/5/2022
60938455,????? [Fossil],Kumar Nagarkoti,"Nagarkoti, Kumar",????? ???????,3.5,Publication Nepalaya,Paperback,231,2013,2013,12/5/2022
015602943X,????? ???? ???? [Anido Pahad Sangai],Parijat,"Parijat, Parijat",???????,3.54,,Paperback,,,,12/5/2022
515134279,????????? [Raktakunda],Krishna Abiral,"Abiral, Krishna",????? ?????,3.42,Dubo Prakashan,Paperback,140,2006,,12/5/2022
446600253,Super Learning - 3,Yogi Vikashananda,"Vikashananda, Yogi",Deepak Nepal,3.83,Reki Yog Publication,Paperback,143,2013,,12/5/2022
765342405,????? ??????? [Bichar Bigyan],Khaptad Baba,"Baba, Khaptad",,4.36,????? ????? ??????? ?????,Paperback,107,,,12/5/2022
380778556,??????? [Modiaain],Bishweshwar Prasad Koirala,"Koirala, Bishweshwar Prasad",???????????????? ???????,3.87,???? ???????,Paperback,42,2008,1980,12/5/2022
440217563,??????? ???? [Khalangama Hamala],Radha Paudel,"Paudel, Radha",???? ?????,3.76,Publication Nepalaya,Paperback,135,2013,2013,12/5/2022
835902242,?????? [Yayavar],Brazesh,"Brazesh, Brazesh",,3.16,Orchid Books,Paperback,209,2013,2013,12/5/2022
316603570,??????? [Karagar],Banira Giri,"Giri, Banira",?????? ????,3.68,,,,1985,1985,12/5/2022
312990456,Muglan,Govinda Raj Bhattarai,"Bhattarai, Govinda Raj",,4.17,"Oriental Publication House Pvt. Ltd, Nepal",Paperback,194,2012,2012,12/5/2022
684195976,???? ????? [Pagal Basti],Saru Bhakta,"Bhakta, Saru",???????,3.88,???? ???????,Paperback,243,2011,1991,12/5/2022
345416880,??? [Sakas],Jagadish Ghimire,"Ghimire, Jagadish",????? ??????,3.97,????? ?????? ?????????? ,Paperback,306,2012,2012,12/5/2022
1853260010,?????? ??? [Kholako Geet],Upendra Subba,"Subba, Upendra",???????? ??????,3.93,Phoenix Books,Hardcover,102,2013,2013,12/5/2022
679735666,Binod Chaudhary: An Autobiography,Binod Chaudhary,"Chaudhary, Binod",Sudeep Shrestha,3.66,Publication Nepalaya,Paperback,327,2013,2013,12/5/2022
385512104,???????? [Sumnima],Bishweshwar Prasad Koirala,"Koirala, Bishweshwar Prasad",???????????????? ???????,4.11,???? ???????,Paperback,94,2010,1969,12/5/2022
842329285,??????? [Ghamkiri],Nayan Raj Pandey,"Pandey, Nayan Raj",?????? ??????,3.31,Sangrila Book,Paperback,299,2013,2013,12/5/2022
393319296,?? ????? [Ek Chihan],Hridaya Chandra Singh Pradhan,"Pradhan, Hridaya Chandra Singh",?????????????? ??????,3.51,???? ???????,Paperback,107,,,12/5/2022
684801221,??? [Aina],Ramlal Joshi,"Joshi, Ramlal",?????? ????,3.53,Brother Books,Paperback,255,2016,,12/5/2022
60929790,????? [Monsoon],Subin Bhattarai,"Bhattarai, Subin",????? ???????,3.55,Fine Print,Paperback,254,2016,2016,12/5/2022
380789035,????? ???? [Aamako Sapana],Gopal Prasad Rimal,"Rimal, Gopal Prasad",??????????? ?????,3.77,???? ???????,Paperback,75,,1962,12/5/2022
385505833,??????? [Phirphire],Buddhisagar,"Buddhisagar, Buddhisagar",,4.17,??????????? ????? ,Paperback,544,2015,2015,12/5/2022
452269571,????? ?????? [Phoolko Aankhaama],Ani Choying Drolma,"Drolma, Ani Choying",,3.92,Publication Nepalaya,Paperback,274,2011,2008,12/5/2022
842329129,????? ????? [Kathaki Patra],Subin Bhattarai,"Bhattarai, Subin",????? ???????,3.86,FinePrint,Paperback,240,2013,2010,12/5/2022
451518845,???? ???? [Lato Pahad],Upendra Subba,"Subba, Upendra",???????? ??????,3.94,Phoenix Books,Paperback,222,2015,2015,12/5/2022
671729411,???? [Tuin],Suresh Pranjali,"Pranjali, Suresh",,3.75,FinePrint,Paperback,227,2013,2013,12/5/2022
037582345X,???????????? ??????: ????? [Abstract Chintan: Pyaj],Shankar Lamichhane,"Lamichhane, Shankar",????? ????????,4.32,Sajha Prakashan,Paperback,52,2008,1967,12/5/2022
006000438X,That's My Love Story,Santosh Kalwar,"Kalwar, Santosh",,4.16,Mahaveer Publishers,Paperback,184,2014,2014,12/5/2022
553211404,???? [Ular],Nayan Raj Pandey,"Pandey, Nayan Raj",?????? ??????,4.12,Fine Print Books,Paperback,93,2012,2012,12/5/2022
055321215X,????? [Basain],Lil Bahadur Chettri,"Chettri, Lil Bahadur",??? ?????? ????????,3.81,???? ???????,Paperback,62,,1957,12/5/2022
743454146,?????????? ?????? [Antarmanko Yatra],Jagadish Ghimire,"Ghimire, Jagadish",????? ??????,3.92,????? ?????? ??????????,Paperback,239,2008,2008,12/5/2022
61097861,Prayogshaala,Sudheer Sharma,"Sharma, Sudheer",,4.03,Fine Print,Hardcover,418,2013,2013,12/5/2022
3442541751,??????? [Muna Madan],Laxmi Prasad Devkota,"Devkota, Laxmi Prasad",????????????? ???????,4.33,???? ??????? ,Paperback,40,2007,1936,12/5/2022
345273303,??? ?????? [Teen Ghumti],Bishweshwar Prasad Koirala,"Koirala, Bishweshwar Prasad",???????????????? ???????,3.99,???? ???????,Paperback,74,2010,1968,12/5/2022
451194861,????? ??? [Damini Bheer],Rajan Mukarung,"Mukarung, Rajan",???? ???????,3.71,Phoenix Books,Paperback,290,2013,2012,12/5/2022
385496095,??????? ??? [Shiris Ko Phool],Parijat,"Parijat, Parijat",???????,4.15,???? ???????,Paperback,65,,1965,12/5/2022
089480829X,???? [Radha],Krishna Dharabasi,"Dharabasi, Krishna",????? ???????,4.19,???? ???????,Paperback,262,,2005,12/5/2022
399144463,?? [Lu],Nayan Raj Pandey,"Pandey, Nayan Raj",?????? ??????,4.15,Sangri-la Books,Paperback,256,2012,2012,12/5/2022
1400031354,???- ???? ??????????? [Soch - euta aatmabishwas],Karna Shakya,"Shakya, Karna",,3.63,Ratna Pustak Bhandar,Paperback,303,2004,2004,12/5/2022
842329218,?????? ??????? ????? ?????? [Ghumne Mech Mathi Andho Manche],Bhupi Sherchan,"Sherchan, Bhupi",???? ?????,4.34,Sajha Prakashan,Paperback,88,2008,1969,12/5/2022
553262505,???? [Jhola],Krishna Dharabasi,"Dharabasi, Krishna",????? ???????,4.22,????? ??? ????,Paperback,68,2010,2010,12/5/2022
553278223,Freedom to Die,Nirmal Gyanwali,"Gyanwali, Nirmal",,3.78,Book Hill,Paperback,250,2015,2015,12/5/2022
1592400876,???? ??? [Seto Bagh],Diamond Shumsher Rana,"Rana, Diamond Shumsher",?????????? ????,4.01,???? ?????? ??????,Paperback,372,,1973,12/5/2022
525947647,???? ????? ?? ??? [Jiwan Kada ki Phool],Jhamak Ghimire,"Ghimire, Jhamak",??? ??????,3.89,??? ?????? ??????? ??????????,Paperback,250,2010,2010,12/5/2022
671617028,???? [Saya],Subin Bhattarai,"Bhattarai, Subin",????? ???????,3.5,FinePrint,Paperback,227,2014,2014,12/5/2022
684833395,???? ?????? ?????? [China Harayeko Manchhe],Hari Bansha Acharya,"Acharya, Hari Bansha",?????? ??????,3.93,FinePrint,Paperback,294,2013,2013,12/5/2022
186046310X,Palpasa Caf�,Narayan Wagle,"Wagle, Narayan",,3.95,Publication Nepalaya,Paperback,240,2008,2005,12/5/2022
312924585,???? [Khusi],Vijay Kumar Panday,"Panday, Vijay Kumar",???? ????? ??????,3.65,FinePrint,Paperback,332,2014,2014,12/5/2022
345350499,???? ???? [Seto Dharati],Amar Neupane,"Neupane, Amar",??? ????????,4.14,FinePrint,Paperback,380,2012,2012,12/5/2022
345423291,??? ?? [Summer Love],Subin Bhattarai,"Bhattarai, Subin","????? ???????, Pratima Sharma",3.8,FinePrint,Paperback,247,2013,2013,12/5/2022
802130119,??????? ????? [Karnali Blues],Buddhisagar,"Buddhisagar, Buddhisagar",??????????,4.19,FinePrint ,Paperback,384,2010,2010,12/5/2022
671623249,??????? ??????? [Sadak Dekhi Sadak Samma],Ashesh Malla,"Malla, Ashesh",???? ????,0,???? ???????,Paperback,86,,,12/5/2022
441007813,??????? ??? ? [Lalitya Bhag 1],Lekhnath Paudyal,"Paudyal, Lekhnath",?????? ???????,4.33,???? ???????,Paperback,151,,1967,12/5/2022
446611611,???????? ?????? ????? [Lekhnath Ka Pramukh Kabita],Lekhnath Paudyal,"Paudyal, Lekhnath","?????? ???????, Basudev Tripathi, ??????? ????????",3.9,???? ???????,Paperback,36,2006,1989,12/5/2022
375826688,????????? [Ardhaviram],Ashesh Malla,"Malla, Ashesh",???? ????,0,???? ???????,Paperback,128,,,12/5/2022
385490445,???????? ???? ??? [Bilaudai Gayeko Geet],Ganesh Rasik,"Rasik, Ganesh",???? ????,4,???? ???????,Paperback,88,,,12/5/2022
679731148,??????????? [Buddhibinod],Lekhnath Paudyal,"Paudyal, Lekhnath",?????? ???????,4.6,Manjari Publication,Paperback,32,2016,,12/5/2022
671042556,?????? ?????? ??????????? ???? [Tesro Ekmukhe Rudrakshako Khoji],Bal Krishna Pokharel,"Pokharel, Bal Krishna",???????? ??????,4,???? ???????,,,,,12/5/2022
140296298,???????? [Ritu Bichar],Lekhnath Paudyal,"Paudyal, Lekhnath",?????? ???????,3.92,Sajha Prakashan,Paperback,97,2008,1916,12/5/2022
312265867,????? ? ???? [Sodhai ra Jawaf],Bal Krishna Pokharel,"Pokharel, Bal Krishna",???????? ??????,0,???? ???????,Paperback,192,,,12/5/2022
679426159,?????? ????: ????? ? ????? [Yadunath Khanal: Jiwani ra Bichar,Jayaraj Acharya,"Acharya, Jayaraj",????? ??????,4,???? ???????,Paperback,333,,,12/5/2022
60964049,?????? ?????? [Damanraj Tuladhar],Damanraj Tuladhar,"Tuladhar, Damanraj",?????? ??????,3.71,???-??? ?????????,Paperback,278,,,12/5/2022
451192036,??? ? ??????? [Sadak Ra Pratibha],Parijat,"Parijat, Parijat",???????,3.91,???? ???????,Paperback,70,,,12/5/2022
425130215,???? ?? ???? [Panch Saya Barsha],Bal Krishna Pokharel,"Pokharel, Bal Krishna",???????? ??????,4,???? ???????,,,,,12/5/2022
553289691,?????? ???? ? ??????? [Nepali Bhasha ra Sahitya],Bal Krishna Pokharel,"Pokharel, Bal Krishna",???????? ??????,4,???? ?????? ??????,Paperback,237,,,12/5/2022
140053204,???????? ?????????? [Samjhanako Kuinetaharu],Khagendra Sangraula,"Sangraula, Khagendra",,3.67,Fine Print Books,Paperback,194,,,12/5/2022
801855926,???????????? ??? [Annapurnako Bhoj],Manu Brajaki,"Brajaki, Manu",??? ????????,4,Sangrila Books,Paperback,298,,2014,12/5/2022
671023616,?? ?????? ?????? [Khas Jatiko Itihas],Bal Krishna Pokharel,"Pokharel, Bal Krishna",???????? ??????,3.67,?????? ????????? ?????,Paperback,751,1998,1998,12/5/2022
671880187,??????? ????????? [Baikuntha Express],Mohanraj Sharma,"Sharma, Mohanraj",??????? ?????,4.25,???? ???????,Paperback,90,,1985,12/5/2022
671250671,???????? ?????????? [Samjhanaka Kuinetaharu],Khagendra Sangraula,"Sangraula, Khagendra",,3.67,Fineprint,Paperback,193,,,12/5/2022
553280414,?????? ????????? ?????? [Nepali Samchhipta Ramayana],Chakrapani Chalise,"Chalise, Chakrapani",???????? ??????,4,???? ???????,Paperback,117,,,12/5/2022
375701907,????? ??? [Arko Bhor],Keshav Raj Gnawali,"Gnawali, Keshav Raj",??????? ???????,3.5,Shikha Books,Paperback,118,2021,,12/5/2022
345333926,????????? [Shamistha],Subba Riddhi Bahadur Malla,"Malla, Subba Riddhi Bahadur",?????? ??????????? ????,0,???? ???????,Paperback,84,,,12/5/2022
1573227331,???????? ???? [Jackson Height],Mahesh Bikram Shah,"Shah, Mahesh Bikram",?????????? ???,3.35,Fineprint,Paperback,216,2012,2012,12/5/2022
451190548,??? [Rahar],Suresh Badal,"Badal, Suresh",????? ????,3.44,FinePrint,Paperback,179,,,12/5/2022
1558745157,?????????? [Uttarottar],Dhanush Chandra Gautam,"Gautam, Dhanush Chandra",?.?. ??????,4,???? ????,Paperback,150,,,12/5/2022
1558746218,??????? [Nirwan],Ghanashyam Khadka,"Khadka, Ghanashyam",??????? ?????,3.63,Alchemy Publication,Paperback,279,,,12/5/2022
312265840,??????? ?????? [Juckerberg Cafe],Ashwini Koirala,"Koirala, Ashwini",,2.73,Book-Hill Publication,Paperback,213,2015,2015,12/5/2022
345409671,?????? ??????? [Sangya Sarwanam],Dhanush Chandra Gautam,"Gautam, Dhanush Chandra",?.?. ??????,3,Phoenix Books,Paperback,166,2017,,12/5/2022
385335830,???????? ?????????? ??? [Swargiya Hiradevi ko Khoj],Dhruba Chandra Gautam,"Gautam, Dhruba Chandra",??????????? ????,3.25,???? ???????,Paperback,121,,,12/5/2022
60096195,?????????? ????? [Dwandako Awasan],Rajeshwar Devkota,"Devkota, Rajeshwar",???????? ???????,3.57,???? ???????,Paperback,79,,,12/5/2022
1558745718,???? ?? [Brishav Vadh],Narayan Dhakal,"Dhakal, Narayan",?????? ????,3.42,FinePrint,Paperback,286,2015,2015,12/5/2022
345423402,????????? ???? [Samanantar Aakash],Padmavati Singh,"Singh, Padmavati",???????? ????,3.19,???? ???????,Paperback,179,2010,2005,12/5/2022
62502174,???????? [Kalantar],Dhanush Chandra Gautam,"Gautam, Dhanush Chandra",?.?. ??????,3.67,????? ?????? ??????? ??????????,Paperback,,,,12/5/2022
446530891,?????? ???????? [Nepali Sakuntal],Laxmi Prasad Devkota,"Devkota, Laxmi Prasad",????????????? ???????,3.94,???? ???????,Paperback,371,,,12/5/2022
525947299,???? [Aakhet],Shiva Adhikari,"Adhikari, Shiva",??? ???????,3.75,???? ?????? ??????,Audiobook,,,,12/5/2022
553213148,?????????? [Uttarottar],Dhanush Chandra Gautam,"Gautam, Dhanush Chandra",?.?. ??????,4,Phoenix Books,Paperback,176,2017,,12/5/2022
450411435,????????????? ?????? [Brahmaputraka Cheuchau],Lil Bahadur Chettri,"Chettri, Lil Bahadur",??? ?????? ????????,4,???? ???????,Paperback,168,2016,1986,12/5/2022
345435028,??????? ????? [Falieko Saman],Tarini Prasad Koirala,"Koirala, Tarini Prasad",???????????? ???????,3.62,???????? ?????????,,,,,12/5/2022
553277537,?????? ??????????? [Prayog Pratyayopan],Vijaya Chalise,"Chalise, Vijaya",???? ??????,0,???? ???????,Paperback,71,,,12/5/2022
345348036,????????? ??? [Bhuiphulko Desh],Sharada Sharma,"Sharma, Sharada",????? ?????,3.25,Sangri-La,Paperback,256,2011,2011,12/5/2022
385730586,? ??? ????? ?? ????? ????? [Ma Bhat Joru Ki Kavita Lekhu],Bishwabimohan Shrestha,"Shrestha, Bishwabimohan",??????????? ???????,5,???? ???????,Paperback,94,,1987,12/5/2022
380012863,???????? ?????? [April ko Belayat],Vijaya Chalise,"Chalise, Vijaya",???? ??????,0,???? ???????,,,,,12/5/2022
440343194,???????? ??? [Tarini ka Katha],Tarini Prasad Koirala,"Koirala, Tarini Prasad",???????????? ???????,4,???????? ?????????,Paperback,224,,,12/5/2022
842329242,???? [Manav],Modnath Prashrit,"Prashrit, Modnath",?????? ????????,3.73,Lumbini Publishers,Paperback,256,1991,1967,12/5/2022
140298479,????????????? [Kinnar Kinnari],Madhav Prasad Ghimire,"Ghimire, Madhav Prasad",???? ??????,3.67,???? ???????,Paperback,,,,12/5/2022
552143774,????? ???? [Narak ko Dhoka],Narayan Dhakal,"Dhakal, Narayan",?????? ????,0,Gyanjyoti Books Publication,Paperback,64,,,12/5/2022
1857022424,??????????? [Agni Waatika],Tarini Prasad Koirala,"Koirala, Tarini Prasad",???????????? ???????,3.17,???????? ?????????,Paperback,236,2011,2011,12/5/2022
385498802,??? [Tapan],Sarad Paudel,"Paudel, Sarad",??? ?????,4,Sangrila Books,Paperback,419,2017,2017,12/5/2022
1573226521,??? ??????? [Tin Sambatsar],Narayan Dhakal,"Dhakal, Narayan",?????? ????,4,???? ???????,Paperback,96,,,12/5/2022
425106403,?????-?????? [Shankar Smriti],Prakash Sayami,"Sayami, Prakash",?????? ?????,3.57,????? ??? ????,Paperback,202,2006,2006,12/5/2022
385503954,??????????? ????????? ????? ?????? [Tarini Prasad Koirala ka Samagra Kathaharu],Tarini Prasad Koirala,"Koirala, Tarini Prasad","???????????? ???????, Navaraj Kattel, ????? ??????",3,???? ???????,Paperback,295,2014,2014,12/5/2022
743469801,???? [Likhe],Sarad Paudel,"Paudel, Sarad",??? ?????,3.93,Sangrila Books,Paperback,345,2016,2053,12/5/2022
64471837,?????? [Junga],Hridaya Chandra Singh Pradhan,"Pradhan, Hridaya Chandra Singh",?????????????? ??????,4.36,???? ???????,Paperback,56,,,12/5/2022
345301110,?????????? ???? [Kalantar ma Pheri],Umesh Upadhyaya,"Upadhyaya, Umesh",???? ????????,3.5,???? ???????,Paperback,110,,,12/5/2022
786867647,?????????? [Baluwamathi],Dhruba Chandra Gautam,"Gautam, Dhruba Chandra",??????????? ????,0,???? ???????,Paperback,347,2013,,12/5/2022
312282990,???? ????? [Sajha Kavita],Chudamani Bandhu,"Bandhu, Chudamani",??????? ?????,4,???? ???????,Paperback,309,,,12/5/2022
413537900,??????? [Raktabij],Krishna Abiral,"Abiral, Krishna",,3.46,Manjari Publication,Paperback,280,2014,2014,12/5/2022
385722192,???? [Kampa],Sharada Sharma,"Sharma, Sharada",????? ?????,2.6,Sangri-La books,Paperback,362,2016,2016,12/5/2022
64400026,??????? ??????? ???? ?????? [Upasamhar Arthath Choutho Anthya],Dhruba Chandra Gautam,"Gautam, Dhruba Chandra",??????????? ????,3.5,???? ???????,Paperback,179,,1999,12/5/2022
64406601,????? ????????? ? ?????? [ Andha Mancheharu ra Hatti],Bairagi Kaila,"Kaila, Bairagi",?????? ??????,4.33,Sangrila Books,Paperback,,2012,2012,12/5/2022
20442203,The Royal Ghosts,Samrat Upadhyay,"Upadhyay, Samrat",,3.45,Mariner Books,Paperback,224,2006,2006,12/5/2022
451124340,?????? ????? [Kopila Ashram],Raamesh Koirala,"Koirala, Raamesh",,3.58,Fineprint,Paperback,209,2014,2014,12/5/2022
399142789,?????? [Apriya],Dhruba Chandra Gautam,"Gautam, Dhruba Chandra",??????????? ????,4,???? ???????,Paperback,93,,2010,12/5/2022
142437204,???? ??? [Sarpa Damsha],Tarini Prasad Koirala,"Koirala, Tarini Prasad",???????????? ???????,3.8,???????? ?????????,Paperback,113,2012,,12/5/2022
64400018,?????? [Ghurmi],Dhruba Chandra Gautam,"Gautam, Dhruba Chandra",??????????? ????,3.5,Oriental Publication,Paperback,183,2011,2004,12/5/2022
60188731,???????? ?????? [Pardarshi Manchhe],Manu Brajaki,"Brajaki, Manu",??? ????????,4,???? ???????,Paperback,158,,,12/5/2022
842329277,?????? [Bhikhari],Laxmi Prasad Devkota,"Devkota, Laxmi Prasad",????????????? ???????,4.18,???? ???????,Paperback,52,2011,1967,12/5/2022
609610597,????????? [Subarnalata],Malika Keshari,"Keshari, Malika",,3.92,Sangrila Books ,Paperback,273,2017,2017,12/5/2022
671034065,Buddha's Orphans,Samrat Upadhyay,"Upadhyay, Samrat",,3.46,Houghton Mifflin,Hardcover,437,2010,2010,12/5/2022
312983867,???? [Badhi],Dhruba Chandra Gautam,"Gautam, Dhruba Chandra",??????????? ????,3.67,Phoenix Books,Paperback,436,2019,1999,12/5/2022
767905385,???? ? ???????? ??? [Shree 5 Rana Bahadur Shah],Chittaranjan Nepali,"Nepali, Chittaranjan",?????????? ??????,4.33,???? ?????? ??????,Paperback,135,,,12/5/2022
449912558,Mero Nepal: Shanti Ra Samriddhiko Marg Ma,Pradeep Dhakal,"Dhakal, Pradeep",,4,Chetanalaya,Paperback,,2012,2012,12/5/2022
345423615,?? ????????? ?????? ?????? [Jaba Sisnuharu Tekdai Hide],Ganesh Rasik,"Rasik, Ganesh",???? ????,4,???? ????,Paperback,84,1998,1998,12/5/2022
440940001,??????? [Jeliako],Dhruba Chandra Gautam,"Gautam, Dhruba Chandra","??????????? ????, Ram Upadhyaya, ??? ????????",2,???? ?????? ??????,Paperback,236,,2005,12/5/2022
743469844,????????? [Khairini Ghat],Shankar Koirala,"Koirala, Shankar",????? ???????,3.33,???? ???????,Paperback,76,,1992,12/5/2022
670879045,?????? ? ???? ???? [Muniya ra Usko Chhoro],Ganesh Rasik,"Rasik, Ganesh",???? ????,4,Sangri-La Books,Paperback,198,2019,,12/5/2022
316969443,The City Son,Samrat Upadhyay,"Upadhyay, Samrat",,3.28,Soho Press,Hardcover,256,2014,2014,12/5/2022
374281602,?? ?????? ?????? ??? [Ek Paluwa Anekau Yam],Daulat Bikram Bista,"Bista, Daulat Bikram",?????????? ?????,3.33,???? ???????,Paperback,,2005,1969,12/5/2022
399501487,???? ??? ????? ???? [Kohi Kina Barbad Hos],Bijaya Malla,"Malla, Bijaya",???? ????,3.62,???? ???????,Paperback,44,,1969,12/5/2022
679723110,??????? ???? ???????? [Chapakkai Man ma Basekaharu],Ganesh Rasik,"Rasik, Ganesh",???? ????,4,Sangri~La Books,Paperback,374,,,12/5/2022
553274503,???? [Chhaya],Daulat Bikram Bista,"Bista, Daulat Bikram",?????????? ?????,0,???? ???????,Paperback,152,,,12/5/2022
316693294,???? ????? [Charu Charcha],Madhav Prasad Ghimire,"Ghimire, Madhav Prasad",???? ??????,0,???? ???????,Paperback,336,,,12/5/2022
185854176X,??????????? [Agnisparsha],Sharada Sharma,"Sharma, Sharada",????? ?????,3.4,Sangri-La Books,Paperback,271,2013,2006,12/5/2022
345439104,??????? ????? [Dasagajaamaa Ubhiera],Ganesh Rasik,"Rasik, Ganesh",???? ????,4,???? ?????? ??????,Paperback,177,,,12/5/2022
812570944,???????? ??????? [Ekadeshki Maharani],Keshav Raj Pindali,"Pindali, Keshav Raj",??????? ???????,3.78,???? ???????,Paperback,107,2010,,12/5/2022
671705091,?????????? ?????: [Ashwathama Hatohat:],Avinash Shrestha,"Shrestha, Avinash",?????? ???????,3.5,????? ?????? ??????? ??????????,Paperback,131,,,12/5/2022
679734775,??????? ?????? [Sokmagna Yatri],Narayan Dhakal,"Dhakal, Narayan",?????? ????,3.33,Fine Print,Paperback,201,,2012,12/5/2022
553802496,??????????? ?????? [Aakash Ganga ko Othmuni],Ganesh Rasik,"Rasik, Ganesh",???? ????,3,Sangri~La Books,Paperback,193,,,12/5/2022
006073941X,"??????, ????????? ? ??????? [Tanya Indrakamal ra Andhakar]",Avinash Shrestha,"Shrestha, Avinash",?????? ???????,3.6,???? ?????? ??????,Paperback,146,2012,2006,12/5/2022
345361792,??????? ???? ??????? [Bachne Euta Jindagi],Keshav Raj Pindali,"Pindali, Keshav Raj",??????? ???????,3.38,???? ???????,Paperback,73,2008,2008,12/5/2022
874776945,???????? ????? [Sukrat ka Paila],Govinda Raj Bhattarai,"Bhattarai, Govinda Raj",?????????? ???????,3.4,???????? ?????????,Paperback,195,2006,,12/5/2022
345438329,?? ?? [Khai Khai],Keshav Raj Pindali,"Pindali, Keshav Raj",??????? ???????,4.6,???? ???????,Paperback,129,2011,,12/5/2022
451190491,???????? ???????????? ????????? [Samjhanaka Tareli Bhitraka Anuharharu],Ramesh Vikal,"Vikal, Ramesh",???? ????,4,Sajha Prakashan,Paperback,106,2010,,12/5/2022
452266564,???????? ????? [Sukratko Diary],Govinda Raj Bhattarai,"Bhattarai, Govinda Raj",?????????? ???????,3.33,???????? ?????????,Paperback,326,,2012,12/5/2022
000649840X,???????? [Saranarthi],Krishna Dharabasi,"Dharabasi, Krishna",????? ???????,3.69,???? ???????,Paperback,144,,,12/5/2022
64407675,???? ????? ??????? [Mero Abiral Jiwan Geet],Ramesh Vikal,"Vikal, Ramesh",???? ????,3,???? ???????,Paperback,254,,,12/5/2022
441010512,???????? ?????? [Manipur ko Chitthi],Govinda Raj Bhattarai,"Bhattarai, Govinda Raj",?????????? ???????,0,???? ???????,Paperback,69,,,12/5/2022
345313860,?????? [Rupamati],Rudra Raj Pandey,"Pandey, Rudra Raj",???????? ??????,3.09,???? ???????,Paperback,115,2014,1934,12/5/2022
446525731,????????? ???? [Milkieko Mani],Ramesh Vikal,"Vikal, Ramesh",???? ????,4,???? ???????,Paperback,65,,,12/5/2022
515102636,???????? [Purnima],Rajeshwar Devkota,"Devkota, Rajeshwar",???????? ???????,3,???? ???????,Paperback,72,,,12/5/2022
014017737X,?????????? ?????? [Kathmandau ma Camrade],Mahesh Bikram Shah,"Shah, Mahesh Bikram",?????????? ???,5,????? ???????,Paperback,127,,,12/5/2022
316284955,??? ? ????????? [Bhok Ra Bhittaharu],Daulat Bikram Bista,"Bista, Daulat Bikram",?????????? ?????,3.9,???? ???????,Paperback,237,,1981,12/5/2022
385420161,???????? [Purba Katha],Rajeshwar Devkota,"Devkota, Rajeshwar",???????? ???????,3.5,???? ???????,Paperback,128,,,12/5/2022
006099486X,???? [Chuli],Saru Bhakta,"Bhakta, Saru",???????,3.46,Sajha Prakashan,Paperback,46,,,12/5/2022
60987103,??????? ????? [African Amigo],Mahesh Bikram Shah,"Shah, Mahesh Bikram",?????????? ???,3.75,Fine Print,Paperback,170,2012,2003,12/5/2022
842329250,?????????????? [Swasni Manchhe],Hridaya Chandra Singh Pradhan,"Pradhan, Hridaya Chandra Singh",?????????????? ??????,3.48,???? ???????,Paperback,147,2009,,12/5/2022
